date,returns
2020-01-02,0.0
2020-01-03,-0.0035925363676045105
2020-01-06,0.0021663618215723756
2020-01-07,-0.003747775183059171
2020-01-08,0.0019882500238582166
2020-01-09,0.009802623052867497
2020-01-10,0.001913727800234157
2020-01-13,0.0028644358028103744
2020-01-14,0.0030311566967744746
2020-01-15,0.009901504065452787
2020-01-16,0.008385728442650998
2020-01-17,0.0009303989603078872
2020-01-21,0.0035061791147227997
2020-01-22,0.004678484691788779
2020-01-23,0.0013034871694339444
2020-01-24,-0.010384887928147296
2020-01-27,-0.015820915255446683
2020-01-28,0.006283792585764269
2020-01-29,-0.003902562501790119
2020-01-30,-0.00031239804558011913
2020-01-31,-0.020477282908385408
2020-02-03,0.00976976049183149
2020-02-04,0.01734325240321698
2020-02-05,0.010242443321338845
2020-02-06,0.0067341926279518285
2020-02-07,-0.0001726539989435269
2020-02-10,0.012689605599323646
2020-02-11,0.005565772135844834
2020-02-12,0.003334878362523003
2020-02-13,0.00026524899923324817
2020-02-14,0.00470708085610911
2020-02-18,0.0019811302907477278
2020-02-19,0.041663682114658304
2020-02-20,0.0002390973772591552
2020-02-21,-0.008060609749212824
2020-02-24,-0.02870856387083432
2020-02-25,-0.02989986685210004
2020-02-26,-0.003841712727213178
2020-02-27,-0.036621195237194364
2020-02-28,0.0010466957830387168
2020-03-02,0.04263822511238977
2020-03-03,-0.0010404015965503142
2020-03-04,0.031703335989523684
2020-03-05,0.005265532103393436
2020-03-06,0.025874172277579432
2020-03-09,-0.042140681538356387
2020-03-10,0.0167687272393192
2020-03-11,-0.026477504863434823
2020-03-12,-0.06775429980660824
2020-03-13,0.044283083331241035
2020-03-16,-0.06721981492495557
2020-03-17,0.03039640033046392
2020-03-18,-0.04792815194890125
2020-03-19,0.011362381965431122
2020-03-20,-0.0016908532363417335
2020-03-23,0.011405857032834678
2020-03-24,0.05434536331278225
2020-03-25,0.004664070228761704
2020-03-26,0.024877343463362796
2020-03-27,-0.013120510346427833
2020-03-30,0.011629598507618664
2020-03-31,-0.010306095945144714
2020-04-01,-0.018740171389006056
2020-04-02,0.014168477884966339
2020-04-03,-0.008872959021203712
2020-04-06,0.04547401881285777
2020-04-07,-0.009379553293227235
2020-04-08,0.019576377527631694
2020-04-09,0.0042694093119000865
2020-04-13,-0.007042640921036594
2020-04-14,0.023320509297960628
2020-04-15,-0.0006317482374115242
2020-04-16,0.008486014707280753
2020-04-17,0.002903803823953447
2020-04-20,-0.0023175578278216255
2020-04-21,-0.016738635946504283
2020-04-22,0.01572540361995956
2020-04-23,0.0024983415023407275
2020-04-24,0.0023905912786676303
2020-04-27,-0.00020349812549704796
2020-04-28,0.01585827463070036
2020-04-29,0.014981495223850061
2020-04-30,-0.015948311225859407
2020-05-01,-0.016381877386392952
2020-05-04,0.003896367215285253
2020-05-05,0.002566580355430121
2020-05-06,0.008659503398216866
2020-05-07,0.011982963265531289
2020-05-08,0.0096914575582101
2020-05-11,0.0046685151882783415
2020-05-12,-0.006249107786763736
2020-05-13,-0.00660650936936456
2020-05-14,0.006182257057323812
2020-05-15,0.003510684230203347
2020-05-18,0.013302124693260552
2020-05-19,0.0004013178868259482
2020-05-20,9.107109105629366e-05
2020-05-21,-0.00911848706050278
2020-05-22,0.0009649629062361208
2020-05-26,-0.0019658327017807358
2020-05-27,0.006090029290216034
2020-05-28,-0.007224661352590451
2020-05-29,0.009567390009045804
2020-06-01,0.004135988443275974
2020-06-02,-0.0024701811732996803
2020-06-03,-0.010051312201724819
2020-06-04,-0.01939784028784826
2020-06-05,0.01966107391831704
2020-06-08,0.009529565259635935
2020-06-09,-0.006547508712363262
2020-06-10,0.0007251209866410689
2020-06-11,-0.04149940717154531
2020-06-12,0.003563125582839964
2020-06-15,0.009923763038135625
2020-06-16,0.013292000194176763
2020-06-17,-0.028012571140032676
2020-06-18,0.018696371162875338
2020-06-19,0.006659244248526664
2020-06-22,-0.004620090575133945
2020-06-23,-0.0030182903058883306
2020-06-24,-0.012988978978827184
2020-06-25,0.002089124227519411
2020-06-26,-0.009372559440029994
2020-06-29,0.014210684806524597
2020-06-30,0.006438502524499588
2020-07-01,-0.0015558741749802357
2020-07-02,0.0037881766525087943
2020-07-06,0.00728986448237595
2020-07-07,0.002082581301487865
2020-07-08,0.007529619367640393
2020-07-09,0.006364995833177527
2020-07-10,0.001359776700600068
2020-07-13,-0.0032923783360365587
2020-07-14,0.023861070089950184
2020-07-15,0.009981648544235314
2020-07-16,-0.003934418445060172
2020-07-17,0.010200583693740101
2020-07-20,0.005232881372720287
2020-07-21,-0.001607603753385888
2020-07-22,0.011881524834261586
2020-07-23,0.005305568644814291
2020-07-24,-0.009611961478618527
2020-07-27,0.008100103698455105
2020-07-28,-0.0071134543273679105
2020-07-29,0.013053701401452754
2020-07-30,-8.748586278042026e-05
2020-07-31,-0.002188090114294145
2020-08-03,0.0013766698101983416
2020-08-04,0.029963994822279027
2020-08-05,0.01619384429104997
2020-08-06,-0.008162565023568815
2020-08-07,0.0028976849310128226
2020-08-10,-0.0034654997245643355
2020-08-11,-0.02072642060341414
2020-08-12,0.014310716177263382
2020-08-13,0.0007759492473986762
2020-08-14,-0.007889822584080497
2020-08-17,0.008419492337367988
2020-08-18,0.0030191426023486213
2020-08-19,-0.007008889046682326
2020-08-20,-0.0016218954235109467
2020-08-21,0.0017881535735955723
2020-08-24,0.000520317096837876
2020-08-25,0.0032225854993549003
2020-08-26,-0.0020478886638936006
2020-08-27,-0.0062961685561579005
2020-08-28,0.01080587338483013
2020-08-31,0.004335182953530817
2020-09-01,0.003585745620482479
2020-09-02,0.019305385341879935
2020-09-03,-0.04151524134081273
2020-09-04,-0.018123268431256886
2020-09-08,-0.017127325208474643
2020-09-09,0.017074014945847576
2020-09-10,-0.014576868823288626
2020-09-11,0.004413182073851046
2020-09-14,0.02160252251925869
2020-09-15,0.00470593852052009
2020-09-16,0.0002604323370306599
2020-09-17,-0.002910694668483766
2020-09-18,-0.003270293719335404
2020-09-21,-0.016563515509055982
2020-09-22,-0.002160460948814412
2020-09-23,-0.010264513832776382
2020-09-24,0.0004997040200197603
2020-09-25,0.014271330663843491
2020-09-28,0.023910331631793284
2020-09-29,0.0018717003939420936
2020-09-30,0.014267342882521301
2020-10-01,0.004413397258653431
2020-10-02,-0.005256965182428756
2020-10-05,0.029948373183117778
2020-10-06,-0.006274625508556187
2020-10-07,0.02637802667601817
2020-10-08,0.0027908394863314055
2020-10-09,0.012231793486609426
2020-10-12,-0.002225750057531219
2020-10-13,-0.0025737273165931064
2020-10-14,0.0011734137196177108
2020-10-15,-0.0012382268348244592
2020-10-16,0.0033741579027355495
2020-10-19,-0.005625685406028424
2020-10-20,0.005542725379237867
2020-10-21,-0.020543001512985833
2020-10-22,0.007901612391536732
2020-10-23,0.0015065118335775372
2020-10-26,-0.015963914862962506
2020-10-27,-0.00971260894270558
2020-10-28,-0.020201986369097872
2020-10-29,-0.00032106920681197705
2020-10-30,-0.0070668278349190405
2020-11-02,0.02137513950986039
2020-11-03,-0.007122052462541528
2020-11-04,0.013182954365061197
2020-11-05,0.0298207052844092
2020-11-06,0.002801530091568448
2020-11-09,0.006756759172955706
2020-11-10,-0.0005337134170904645
2020-11-11,0.01220732763415111
2020-11-12,-0.011082141117134478
2020-11-13,0.007626417301500984
2020-11-16,0.010372423822468599
2020-11-17,0.003249959359619977
2020-11-18,-0.007408806832354875
2020-11-19,0.004892411763157337
2020-11-20,0.0015550260434804496
2020-11-23,0.008731148482995648
2020-11-24,0.016755859273216985
2020-11-25,0.0020929911987378484
2020-11-27,0.004311391423782517
2020-11-30,-0.009169807303514504
2020-12-01,-0.00032093511171551624
2020-12-02,0.0011057564831975343
2020-12-03,3.513911175420453e-05
2020-12-04,0.009034393598430576
2020-12-07,-0.0027154302846428167
2020-12-08,0.008609131043718453
2020-12-09,-0.010378541141052007
2020-12-10,0.008112876427178974
2020-12-11,0.003910891003509248
2020-12-14,0.001746832895989895
2020-12-15,0.02598471211780444
2020-12-16,0.0027136818815405015
2020-12-17,0.009100462766796812
2020-12-18,0.004020097909344664
2020-12-21,-0.0030445667372702087
2020-12-22,6.187613691274285e-05
2020-12-23,0.00818826240097279
2020-12-24,0.0009195505899610831
2020-12-28,-0.002543387673966512
2020-12-29,-0.0028156532110317923
2020-12-30,0.007654799275581661
2020-12-31,0.006714950914499982
2021-01-04,-0.0060240869298294735
2021-01-05,0.019776928110461958
2021-01-06,0.026635962455162927
2021-01-07,0.015352404324140688
2021-01-08,0.000540396706382047
2021-01-11,-0.008183788297283423
2021-01-12,0.004472696023656959
2021-01-13,-0.0031613948500781933
2021-01-14,0.005028409757627047
2021-01-15,-0.020898767770035746
2021-01-19,0.0163611532822481
2021-01-20,0.005983807487267321
2021-01-21,0.007670603472536495
2021-01-22,-0.007643685486969927
2021-01-25,0.0006750737523937208
2021-01-26,-0.009633486069830539
2021-01-27,-0.02924507389299216
2021-01-28,0.014737102851566663
2021-01-29,-0.019021171430901408
2021-02-01,0.014014179510130835
2021-02-02,0.013811622350159283
2021-02-03,0.0032138303106809475
2021-02-04,0.003113020675332574
2021-02-05,0.005842693120612386
2021-02-08,0.011387223414800422
2021-02-09,0.005635643563475206
2021-02-10,-0.0008829525758776607
2021-02-11,-0.00020168359088953557
2021-02-12,0.010636198604983929
2021-02-16,-0.005705947203503679
2021-02-17,-0.0017357210920130714
2021-02-18,-0.013056676271010188
2021-02-19,0.002906615038388103
2021-02-22,-0.009275429395239747
2021-02-23,0.005009285939690202
2021-02-24,0.017487112824354972
2021-02-25,-0.018443872222864515
2021-02-26,-0.013992337331391963
2021-03-01,0.017206927791064926
2021-03-02,-0.009154085378776114
2021-03-03,-0.006570267469466129
2021-03-04,-0.0070752402819491515
2021-03-05,0.021583159030838003
2021-03-08,-0.007861944180546341
2021-03-09,0.0003475811211944742
2021-03-10,0.009847276193456492
2021-03-11,0.00994723008741511
2021-03-12,0.003089699355091406
2021-03-15,0.0010940959407766703
2021-03-16,-0.008302662180101283
2021-03-17,-0.00049186948665377
2021-03-18,-0.02743704017757472
2021-03-19,0.008422001967360848
2021-03-22,0.0063457286107599705
2021-03-23,-0.021387006000342237
2021-03-24,0.011259022873066571
2021-03-25,-0.0025493273089656943
2021-03-26,0.027050379633338763
2021-03-29,0.0026328294911365023
2021-03-30,-0.011990572751778488
2021-03-31,-1.3568635261938366e-05
2021-04-01,0.00902971550177179
2021-04-05,-6.979044777210381e-05
2021-04-06,-0.001043074657879337
2021-04-07,-0.0012153978925991094
2021-04-08,0.001079242289539473
2021-04-09,0.00556005878168631
2021-04-12,0.00078856097999565
2021-04-13,0.0044857767943926215
2021-04-14,0.011054346365420504
2021-04-15,0.011703785756385428
2021-04-16,0.005599762208893088
2021-04-19,0.001611977908175216
2021-04-20,-0.006747257823906263
2021-04-21,0.005968883047466806
2021-04-22,-0.004134367056270595
2021-04-23,0.009728586747047258
2021-04-26,-0.0010121476788687118
2021-04-27,0.002211784431085138
2021-04-28,-0.013167107107458676
2021-04-29,0.003293213585122864
2021-04-30,-0.009636652803017688
2021-05-03,0.009619940699961593
2021-05-04,0.00473705587055567
2021-05-05,0.006084435345771243
2021-05-06,0.004151207492200706
2021-05-07,0.009307826645464671
2021-05-10,-0.0004518616213212119
2021-05-11,-0.006767060542149678
2021-05-12,-0.010333975840553565
2021-05-13,-0.002147296673183404
2021-05-14,0.014832442270334648
2021-05-17,0.004983749658631145
2021-05-18,-0.006217131124900142
2021-05-19,-0.014364585807318786
2021-05-20,0.0031394831153825713
2021-05-21,0.00530369980677764
2021-05-24,0.009083014260998478
2021-05-25,-0.005740882095361137
2021-05-26,-0.00045597716894659184
2021-05-27,0.004646597436878876
2021-05-28,0.0017458892737680497
2021-06-01,-0.0007082229200991275
2021-06-02,0.005120066091971719
2021-06-03,-0.0005475509511827238
2021-06-04,0.007717388682613286
2021-06-07,0.00016755895230369136
2021-06-08,0.00037603706793710046
2021-06-09,0.0029081708373750797
2021-06-10,0.008720208776894908
2021-06-11,-0.00245861325026625
2021-06-14,-0.0004382091728059016
2021-06-15,0.000308705860752609
2021-06-16,-0.008057624521719436
2021-06-17,-0.005939571414665333
2021-06-18,-0.010291603605498937
2021-06-21,0.016252171828722965
2021-06-22,0.004711390030061833
2021-06-23,-0.000729646664700248
2021-06-24,0.007042697160303693
2021-06-25,0.0023944581320723742
2021-06-28,0.002137408454847462
2021-06-29,0.0017048427952385146
2021-06-30,0.0028775274441414445
2021-07-01,0.008955503287807828
2021-07-02,0.008438682561877117
2021-07-06,-0.01125442311980862
2021-07-07,-0.003735351463006518
2021-07-08,-0.006617104259341571
2021-07-09,0.011128818255084197
2021-07-12,0.005448314944830944
2021-07-13,-0.0021606851742565283
2021-07-14,-0.009526688603775422
2021-07-15,-0.008644054647928648
2021-07-16,-0.005433700555141318
2021-07-19,-0.01765539873784646
2021-07-20,0.015633135067912016
2021-07-21,0.016710885884925548
2021-07-22,0.005079912650712204
2021-07-23,0.008922744130515517
2021-07-26,-0.0027809995951579977
2021-07-27,-0.0019324800375313707
2021-07-28,0.008308121012504489
2021-07-29,0.006218608532557043
2021-07-30,0.0016686346813229017
2021-08-02,-0.004490969194164825
2021-08-03,0.012210176634198733
2021-08-04,-0.0027793134871272824
2021-08-05,-0.0012661111109942833
2021-08-06,-0.005243791715491256
2021-08-09,-0.005425763746129827
2021-08-10,0.0025667280204712496
2021-08-11,-0.001330423348329621
2021-08-12,0.0034518732519907436
2021-08-13,0.007044257067554426
2021-08-16,0.0036543338012561414
2021-08-17,-0.0029269018210574147
2021-08-18,-0.019841205903450364
2021-08-19,0.004059652851339065
2021-08-20,0.0056318278943760175
2021-08-23,0.01747760974256995
2021-08-24,0.0010680138021572955
2021-08-25,0.00407113699053963
2021-08-26,-0.006530158610312018
2021-08-27,0.009973218986734244
2021-08-30,0.003668823220371299
2021-08-31,-0.004375438744870152
2021-09-01,0.002392883899666954
2021-09-02,0.005526804167561353
2021-09-03,0.0031054305057928093
2021-09-07,-0.009633924406411675
2021-09-08,-0.0020528113471728064
2021-09-09,-0.008268061251575247
2021-09-10,-0.004880055894806048
2021-09-13,-0.0008047558688936383
2021-09-14,-0.0012461729156530092
2021-09-15,0.009702780015736427
2021-09-16,-0.002784147702324747
2021-09-17,-0.009583985369392966
2021-09-20,-0.016246007943237335
2021-09-21,9.45297140925932e-05
2021-09-22,0.012560999412585889
2021-09-23,0.0015258351299675557
2021-09-24,-0.0038438606875071417
2021-09-27,0.0006115888264267705
2021-09-28,-0.022625128964898263
2021-09-29,0.004407939816086527
2021-09-30,-0.0036150580973420736
2021-10-01,0.0062952749925968944
2021-10-04,-0.010351958495690039
2021-10-05,0.012410545237407186
2021-10-06,-0.001601352422107411
2021-10-07,0.013101354830538627
2021-10-08,-0.0028191411534388847
2021-10-11,-0.0021856684455422797
2021-10-12,0.0011399183198961774
2021-10-13,0.008797789759284426
2021-10-14,0.015498296004988692
2021-10-15,0.0056444181521344405
2021-10-18,0.001726319832088301
2021-10-19,0.010970097797918157
2021-10-20,0.006988236109972815
2021-10-21,0.0006370023790413494
2021-10-22,0.001503272223988532
2021-10-25,0.006855467277204915
2021-10-26,0.007326897692123438
2021-10-27,-0.012804880384980656
2021-10-28,0.006352733902233204
2021-10-29,0.005628433870939882
2021-11-01,0.005696549941247703
2021-11-02,0.004725008044911666
2021-11-03,-0.0019140371902659995
2021-11-04,0.0014002135171827447
2021-11-05,0.00035809841928032004
2021-11-08,0.013334233492939116
2021-11-09,-0.00018394911807825923
2021-11-10,-0.010142392955362208
2021-11-11,0.006809579597752913
2021-11-12,0.003994875688552969
2021-11-15,-0.0027033513917967115
2021-11-16,0.0064660299954682745
2021-11-17,-0.00816260056281898
2021-11-18,0.0094650722616542
2021-11-19,-0.005123302022513847
2021-11-22,-0.0027474670684967417
2021-11-23,0.005455184255977454
2021-11-24,0.005385369183670042
2021-11-26,-0.030634353322427074
2021-11-29,0.010978690304144861
2021-11-30,-0.01583716887506113
2021-12-01,-0.014200829178763289
2021-12-02,0.010934083841658886
2021-12-03,-0.0004705566449113759
2021-12-06,-0.0027580455943335925
2021-12-07,0.021847752781588563
2021-12-08,-0.001415653824887004
2021-12-09,-0.005843293202234369
2021-12-10,0.0042009985246714765
2021-12-13,0.003349345692782545
2021-12-14,-0.008425226226061915
2021-12-15,0.02210054690605288
2021-12-16,-0.005262065494903038
2021-12-17,-0.008191536220642826
2021-12-20,-0.013252578349331603
2021-12-21,0.01886438087961235
2021-12-22,0.008650635028581415
2021-12-23,0.007583128703821587
2021-12-27,0.02072790578410683
2021-12-28,-0.0008979035303920075
2021-12-29,-0.0022947890523776432
2021-12-30,-0.001989088247021481
2021-12-31,-0.003824078198145416
2022-01-03,0.002150211039789667
2022-01-04,-0.006497246856042482
2022-01-05,-0.01619672202931341
2022-01-06,0.00039757145167419934
2022-01-07,-0.0049888340948711744
2022-01-10,-0.0006776830271739688
2022-01-11,0.012105932159819213
2022-01-12,0.0014805131366080139
2022-01-13,-0.01441916094920816
2022-01-14,0.007433603817123878
2022-01-18,-0.004884539608687745
2022-01-19,-0.00567849979004233
2022-01-20,-0.010935829295470765
2022-01-21,-0.01203664460935785
2022-01-24,-0.0022118823540300423
2022-01-25,0.0051266104593061974
2022-01-26,0.0015477750212162706
2022-01-27,0.0009734571630845891
2022-01-28,0.006809950913618061
2022-01-31,0.0010199498603615386
2022-02-01,0.004828395061748065
2022-02-02,0.004271512701820116
2022-02-03,-0.003454495277520314
2022-02-04,0.005265557499362017
2022-02-07,-0.0006999653512444422
2022-02-08,0.001041391168993067
2022-02-09,0.009679680458200496
2022-02-10,-0.011265357864522528
2022-02-11,-0.002301292215815013
2022-02-14,-0.0014782259771970521
2022-02-15,0.003348877174111347
2022-02-16,2.0176231784907082e-05
2022-02-17,-0.011017452913193773
2022-02-18,-0.002586115485275773
2022-02-22,-0.0011667682034009169
2022-02-23,-0.00446087062204405
2022-02-24,0.01002511531590906
2022-02-25,0.008135372775606591
2022-02-28,0.0035210207210802746
2022-03-01,0.012699698642771137
2022-03-02,0.018373967050112724
2022-03-03,0.003282830963881659
2022-03-04,0.015137942160609392
2022-03-07,0.008437283937224472
2022-03-08,0.0016177042549377302
2022-03-09,-0.021064722635634765
2022-03-10,0.0014893471843952328
2022-03-11,0.0036684146381344377
2022-03-14,-0.009417922874318942
2022-03-15,-0.005456835024275118
2022-03-16,-0.002520624935511488
2022-03-17,0.01740702999272004
2022-03-18,0.0025852126443005486
2022-03-21,0.016351360488052535
2022-03-22,0.005362372805325902
2022-03-23,0.003017658279969898
2022-03-24,-0.0012586913823228784
2022-03-25,0.006916311111711391
2022-03-28,-0.00990298586740797
2022-03-29,0.0026951598869728024
2022-03-30,0.0025264279183520293
2022-03-31,-0.010329048946626417
2022-04-01,0.005121974965110424
2022-04-04,0.007941343127686495
2022-04-05,-0.003240915941491157
2022-04-06,0.0058626925381139415
2022-04-07,0.013260286751086429
2022-04-08,0.010094470999186828
2022-04-11,-0.017189716268632967
2022-04-12,0.006869587967903766
2022-04-13,0.008400725674132158
2022-04-14,0.001991864974428955
2022-04-18,0.004773846995974192
2022-04-19,-0.0006816699575815037
2022-04-20,-0.0013235932154387518
2022-04-21,-0.0011868407272156607
2022-04-22,-0.012729955962090091
2022-04-25,-0.0046087699076536445
2022-04-26,-0.0021247032279469113
2022-04-27,0.0033817912795549494
2022-04-28,0.0159738110112982
2022-04-29,-0.015706147284766415
2022-05-02,0.009683200141201165
2022-05-03,-0.002918862844593214
2022-05-04,0.01627332438557383
2022-05-05,-0.005449113950253475
2022-05-06,0.00637956011341346
2022-05-09,-0.024785946648941938
2022-05-10,-0.002779537484276691
2022-05-11,0.004015550824746317
2022-05-12,0.004214217682781962
2022-05-13,0.012056823762166994
2022-05-16,0.006839421424472217
2022-05-17,-0.0009322630607165559
2022-05-18,-0.017987624182107913
2022-05-19,-0.0038202638050805694
2022-05-20,0.0035331682383153954
2022-05-23,0.006262207609618993
2022-05-24,0.00037801791549361757
2022-05-25,0.006018731879675014
2022-05-26,0.008486047047479742
2022-05-27,0.008768399997062436
2022-05-31,-0.0039546956491120795
2022-06-01,0.00029212916299504793
2022-06-02,0.013605811647649615
2022-06-03,0.0022766052465147783
2022-06-06,0.006190524767482352
2022-06-07,0.004525008162234041
2022-06-08,-0.004913156232113015
2022-06-09,-0.008325314087274164
2022-06-10,-0.008453501205174933
2022-06-13,-0.019629894376729087
2022-06-14,-0.003916053455970934
2022-06-15,0.00036934916613577044
2022-06-16,-0.01632785605829894
2022-06-17,-0.0011583256896205893
2022-06-21,0.013227340356624161
2022-06-22,-0.00931996053556193
2022-06-23,-0.0007843871369966812
2022-06-24,0.009726178318574509
2022-06-27,0.0057137663174549845
2022-06-28,-0.004971011967413377
2022-06-29,-0.004617854668428076
2022-06-30,-0.006129805772191599
2022-07-01,0.004369537586196486
2022-07-05,-0.01695878461108426
2022-07-06,0.0013595753495646672
2022-07-07,0.017974033627952492
2022-07-08,0.007817107948293243
2022-07-11,-0.007079688767456006
2022-07-12,-0.021729565020560167
2022-07-13,0.0015231970033539413
2022-07-14,0.001440100777957248
2022-07-15,0.003375046713434589
2022-07-18,0.00695007137382945
2022-07-19,0.008606040537480505
2022-07-20,0.0030793637337969164
2022-07-21,-0.0029606157926152597
2022-07-22,-0.00886148336109459
2022-07-25,0.007028180771839298
2022-07-26,-0.00017465441777313282
2022-07-27,0.020120132310570825
2022-07-28,0.008425951856634408
2022-07-29,0.0059711777082396035
2022-08-01,-0.008798597818516591
2022-08-02,0.00443128373361758
2022-08-03,-0.011967904948745379
2022-08-04,-0.00030124196217735564
2022-08-05,0.00721459912665048
2022-08-08,-0.004627696172213007
2022-08-09,0.002753552825949086
2022-08-10,0.008614790765840142
2022-08-11,-0.0015204064407191968
2022-08-12,0.0069616481176070135
2022-08-15,0.0016791341471790746
2022-08-16,-0.0023177760563061426
2022-08-17,-0.002184918596080278
2022-08-18,0.007960604514105718
2022-08-19,-0.005166082127907022
2022-08-22,-0.004945268250714433
2022-08-23,0.0024053148363355637
2022-08-24,0.0055587728396740265
2022-08-25,0.0031276859282157723
2022-08-26,-0.011815580346707712
2022-08-29,-0.0011110790843227652
2022-08-30,-0.007250299997606099
2022-08-31,-0.004648562483748587
2022-09-01,0.00042514994610561116
2022-09-02,-0.006094844264983034
2022-09-06,0.007222851591482617
2022-09-07,0.01995689834777181
2022-09-08,0.006977522349134624
2022-09-09,0.0010971119655539948
2022-09-12,0.0015420026599522758
2022-09-13,-0.009492728519411417
2022-09-14,0.0057765227721428055
2022-09-15,-0.010961225077195871
2022-09-16,0.00038172161980057817
2022-09-19,0.0009550141778051624
2022-09-20,-0.007301971948895531
2022-09-21,-0.0030604425523743633
2022-09-22,-0.00889408984971081
2022-09-23,-0.007976349617964944
2022-09-26,-0.004792299963706444
2022-09-27,0.005520107043526338
2022-09-28,0.008084652321607873
2022-09-29,-0.014908115314571174
2022-09-30,-0.0048178031587613355
2022-10-03,0.013610079465407685
2022-10-04,0.010249738433498239
2022-10-05,-0.006694428173790888
2022-10-06,-0.0034561931552892205
2022-10-07,-0.006479495904871833
2022-10-10,0.0002217338601569975
2022-10-11,-0.003986213265707516
2022-10-12,-0.0077905236021607125
2022-10-13,0.010418845160418626
2022-10-14,-0.010811066860551041
2022-10-17,0.004073973779731618
2022-10-18,0.005919713691387174
2022-10-19,-5.457086969080905e-05
2022-10-20,-0.001420604346373388
2022-10-21,0.008627580174261556
2022-10-24,0.00859956785702145
2022-10-25,0.004545703099542228
2022-10-26,0.009755636321931934
2022-10-27,0.0064553064275227326
2022-10-28,0.008538191083809533
2022-10-31,0.0005600720847644412
2022-11-01,-0.002344532898687099
2022-11-02,-0.013004178861438375
2022-11-03,0.0022519066168722604
2022-11-04,-0.003401120532635119
2022-11-07,0.003184178095153132
2022-11-08,0.0007333179608263944
2022-11-09,-0.009672749870570492
2022-11-10,0.0134049317977829
2022-11-11,-0.004334266267272119
2022-11-14,-0.0009194484329690777
2022-11-15,-0.0002361883424869723
2022-11-16,-0.0024248029393060073
2022-11-17,0.0042236863399785635
2022-11-18,0.006625096790667725
2022-11-21,0.00214065207031381
2022-11-22,0.010543081875500387
2022-11-23,-0.00457929720508094
2022-11-25,0.0036293027385614855
2022-11-28,-0.008981022726605885
2022-11-29,-0.0016308319649034316
2022-11-30,0.01640292319601494
2022-12-01,-0.003898643098828101
2022-12-02,0.005289767838598672
2022-12-05,-0.007490564939226566
2022-12-06,-0.014603127403098708
2022-12-07,0.002532426026359126
2022-12-08,0.005204130951020491
2022-12-09,-0.007921688648017417
2022-12-12,0.011052772846487154
2022-12-13,0.000628834966374323
2022-12-14,-0.0002729396930462862
2022-12-15,-0.014831851866387984
2022-12-16,-0.009690433631782897
2022-12-19,-0.002352250199833145
2022-12-20,0.001659467062670075
2022-12-21,0.011136563411260488
2022-12-22,-0.008151862334901753
2022-12-23,0.0029450188318631007
2022-12-27,-0.004435093948554071
2022-12-28,-0.01004017030617161
2022-12-29,0.006554457582453634
2022-12-30,-0.0015896325618465913
2023-01-03,-0.0015092364560109401
2023-01-04,0.0023016774932942204
2023-01-05,-0.006248874764474756
2023-01-06,0.008892548460918815
2023-01-09,-0.00857490561672599
2023-01-10,0.0059538783611328494
2023-01-11,0.00757735552236002
2023-01-12,-0.00027011348893359873
2023-01-13,0.003632220700456639
2023-01-17,-0.0019352392342390865
2023-01-18,-0.017388348004582308
2023-01-19,-5.9508650745924594e-05
2023-01-20,0.012399959840301721
2023-01-23,0.010761824872524688
2023-01-24,-0.00408381038921083
2023-01-25,-2.5541371811021402e-05
2023-01-26,0.005497824085656891
2023-01-27,-0.004529606740615637
2023-01-30,-0.014971091497368453
2023-01-31,0.008439361289153836
2023-02-01,0.005566112781481694
2023-02-02,0.0014832262323094146
2023-02-03,-0.0031143630586682883
2023-02-06,-0.0011350447646482902
2023-02-07,0.007931909499758716
2023-02-08,-0.0035863236657455054
2023-02-09,-0.011479196253835377
2023-02-10,0.0027539817041750594
2023-02-13,0.011206671663733814
2023-02-14,0.002747240938819795
2023-02-15,0.006790195628440384
2023-02-16,-0.015333463916544336
2023-02-17,-0.001780214722652706
2023-02-21,-0.013880575126524733
2023-02-22,-0.0019036178379453587
2023-02-23,0.01414179784292089
2023-02-24,-0.007251061881226617
2023-02-27,0.005137242835256762
2023-02-28,-0.0057033541411978484
2023-03-01,-0.00035029223325225615
2023-03-02,0.006183900737957975
2023-03-03,0.007464078944487411
2023-03-06,0.001685345470096477
2023-03-07,-0.01920816871494945
2023-03-08,-0.00041210204076743415
2023-03-09,-0.018254169772945493
2023-03-10,-0.012895582167978587
2023-03-13,-0.0024611928781895828
2023-03-14,0.006796938250932051
2023-03-15,-0.0031073823589016433
2023-03-16,0.0019480289863769511
2023-03-17,-0.0094967291372628
2023-03-20,0.005953606492478733
2023-03-21,0.0037629714447154792
2023-03-22,-0.009750985208978338
2023-03-23,0.0022655258117864805
2023-03-24,0.007875006816096382
2023-03-27,-0.003318039357152628
2023-03-28,-0.004597858530113354
2023-03-29,0.008383109293543281
2023-03-30,0.009087807935413847
2023-03-31,0.015848748098821572
2023-04-03,0.00804566468754783
2023-04-04,-0.0024871152080709956
2023-04-05,0.009763492093003761
2023-04-06,0.0033913950635346066
2023-04-10,-0.0008741412204017564
2023-04-11,0.0011969472927393712
2023-04-12,-0.003421672040542362
2023-04-13,0.006630914723735819
2023-04-14,-0.008456608495572114
2023-04-17,-0.003504993506580923
2023-04-18,-7.734360231614835e-05
2023-04-19,0.0006736934630021544
2023-04-20,-0.002457090918660561
2023-04-21,-0.00039583552367207395
2023-04-24,0.007047675641146762
2023-04-25,-0.012035862883301877
2023-04-26,-0.01265646229149546
2023-04-27,0.005708289699503512
2023-04-28,0.01749180999785733
2023-05-01,-0.0029577190800304802
2023-05-02,-0.0014226701289348901
2023-05-03,-0.010338062278044298
2023-05-04,-0.00734622855170944
2023-05-05,0.015287103693676682
2023-05-08,-0.002211832054354074
2023-05-09,-0.0073087590154936564
2023-05-10,0.005970148360085944
2023-05-11,-0.0009257355982086033
2023-05-12,-0.004650221083796373
2023-05-15,0.00024439621634510624
2023-05-16,-0.0076022720047747485
2023-05-17,0.007777919793167195
2023-05-18,0.005608282259977895
2023-05-19,-0.001800359706753281
2023-05-22,0.0005261787096576985
2023-05-23,-0.009664009884501399
2023-05-24,-0.009603369260277977
2023-05-25,0.02089850751578995
2023-05-26,0.011862843416744215
2023-05-30,0.0004467633961485107
2023-05-31,-0.003321896057461501
2023-06-01,0.010804345248246104
2023-06-02,0.008985594344940296
2023-06-05,0.00014204079031684947
2023-06-06,0.0010091100493181068
2023-06-07,-0.005236090115985289
2023-06-08,0.0054547507807616745
2023-06-09,0.0046013942140552865
2023-06-12,0.008554724956926236
2023-06-13,0.002851666144618771
2023-06-14,0.0012913706930066256
2023-06-15,0.004756924536909198
2023-06-16,-0.00023297004957329766
2023-06-20,-0.0012238267316624805
2023-06-21,-0.006861161452070025
2023-06-22,0.0016720226669185187
2023-06-23,-0.004508636075596359
2023-06-26,-0.005107729476806321
2023-06-27,0.004668217741838713
2023-06-28,-0.00194729628917967
2023-06-29,-0.0027237002299236703
2023-06-30,0.017415094087042064
2023-07-03,-0.003919482600575533
2023-07-05,-0.007019809679378451
2023-07-06,-0.013966775709062483
2023-07-07,-0.01151129924391092
2023-07-10,0.005927877497361283
2023-07-11,0.0013532731924417263
2023-07-12,0.0013672626570093557
2023-07-13,0.003910388577755656
2023-07-14,0.004025096193279223
2023-07-17,0.002601926743016653
2023-07-18,0.005780676658596188
2023-07-19,0.0026921555680057326
2023-07-20,0.0012069926866313599
2023-07-21,0.003920003170745498
2023-07-24,0.0011346718300299266
2023-07-25,0.0029463804527704047
2023-07-26,-0.0031180595520741198
2023-07-27,-0.0010192655938249758
2023-07-28,0.005352266646408591
2023-07-31,-0.001070225375311787
2023-08-01,-0.0006186111857199189
2023-08-02,-0.007997614713154692
2023-08-03,-0.0010160765368454872
2023-08-04,-0.005216088147952142
2023-08-07,0.009330137111052418
2023-08-08,-0.002887874868756002
2023-08-09,-0.0047650208543029956
2023-08-10,-0.0013644867555665647
2023-08-11,-0.0012988153457591566
2023-08-14,0.007430951282107357
2023-08-15,-0.004032589017611143
2023-08-16,-0.006188030095208571
2023-08-17,-0.004882668321176812
2023-08-18,0.0011494080582013747
2023-08-21,0.01067097593006782
2023-08-22,-0.007059153702117408
2023-08-23,0.005942538659668293
2023-08-24,-0.00837494455827593
2023-08-25,0.00249296275558675
2023-08-28,0.0037417205573398236
2023-08-29,0.01084108786647171
2023-08-30,0.003377776507386412
2023-08-31,-0.004883825975936203
2023-09-01,0.0062116769728932306
2023-09-05,-0.0014700537963721946
2023-09-06,-0.006156550900818593
2023-09-07,-0.0029527769051940485
2023-09-08,0.0007815018417610882
2023-09-11,-0.00020389472279759043
2023-09-12,0.0010919552859138708
2023-09-13,0.0016341827298630048
2023-09-14,0.00810157726437167
2023-09-15,-0.008142353680432927
2023-09-18,-1.4177872527037146e-05
2023-09-19,-0.0007317863583439394
2023-09-20,-0.0066088614126062475
2023-09-21,-0.008384565497545859
2023-09-22,-0.0008762813751308857
2023-09-25,0.00279680656617558
2023-09-26,-0.005458131504474761
2023-09-27,0.0036871508599408617
2023-09-28,0.0019786694498072853
2023-09-29,-0.005886463671320949
2023-10-02,-0.0022460120867547244
2023-10-03,-0.006485562513388583
2023-10-04,-0.0034659887134321577
2023-10-05,0.000456309149368053
2023-10-06,0.0077421329462322025
2023-10-09,0.0047208298225986135
2023-10-10,0.0029399037334448637
2023-10-11,-0.0002226727263172038
2023-10-12,-0.0013971138065995948
2023-10-13,0.0015960923298200978
2023-10-16,0.0065754454425421705
2023-10-17,-0.0007175665297027227
2023-10-18,-0.006986225276796742
2023-10-19,-0.005380165203242122
2023-10-20,-0.00740671563362513
2023-10-23,-0.004289814592119594
2023-10-24,-0.001078471714647672
2023-10-25,0.0022347002648790324
2023-10-26,-0.005758100402723592
2023-10-27,-0.004309681373470424
2023-10-30,-0.0016207312053268938
2023-10-31,0.003145805167314538
2023-11-01,-0.0010350941048262552
2023-11-02,0.008542364227679362
2023-11-03,-0.0034297737784686763
2023-11-06,0.0006837225762150167
2023-11-07,-0.006582418535965622
2023-11-08,-0.0024573560880414994
2023-11-09,0.0001498557004473444
2023-11-10,0.007383817648322289
2023-11-13,0.003444440573233727
2023-11-14,0.00473182265697678
2023-11-15,-0.00117362562250178
2023-11-16,-0.009729471512548096
2023-11-17,0.00609790241855557
2023-11-20,0.008536945393283847
2023-11-21,0.002633791176535785
2023-11-22,-5.5844812717996406e-05
2023-11-24,-0.0010983401104626934
2023-11-27,-0.006229763494120356
2023-11-28,-0.0011425550046799196
2023-11-29,0.0034866568252313146
2023-11-30,-0.00028890206637490314
2023-12-01,0.0004942066236429206
2023-12-04,-0.0028399179381202234
2023-12-05,-0.0034648152854621014
2023-12-06,-0.008466747679756291
2023-12-07,0.009400662369298015
2023-12-08,0.005597120142920009
2023-12-11,0.00785896236638554
2023-12-12,0.004858587613814306
2023-12-13,0.010680656071089594
2023-12-14,-0.004469565385686272
2023-12-15,-0.0015404739689268846
2023-12-18,0.004685527162325552
2023-12-19,0.0018187141397738404
2023-12-20,-0.013449375384030026
2023-12-21,0.0077921789179136785
2023-12-22,0.0036343599894764584
2023-12-26,0.0038742259061946413
2023-12-27,0.0032183315178163255
2023-12-28,0.00041369101365036046
2023-12-29,-0.002815236491583836
2024-01-02,-0.001951997228647821
2024-01-03,-0.005246802859065753
2024-01-04,0.002134925629891591
2024-01-05,0.0010584348087889321
2024-01-08,0.012968897975790384
2024-01-09,0.0017562874604852138
2024-01-10,0.0021870850404632353
2024-01-11,-0.002029296599388099
2024-01-12,-0.0010779939226696073
2024-01-16,0.008179518434471926
2024-01-17,-0.0013680737235425336
2024-01-18,0.004643141890771153
2024-01-19,0.012651255556829437
2024-01-22,0.0005993980807997804
2024-01-23,0.0012751754530060436
2024-01-24,0.0013532437460853598
2024-01-25,0.0028072924749554962
2024-01-26,0.0003813704841429714
2024-01-29,0.005971241606372051
2024-01-30,-0.001456107222648564
2024-01-31,-0.00838791157720867
2024-02-01,0.010868940352762332
2024-02-02,0.009386233331906071
2024-02-05,0.0011428246533771726
2024-02-06,-0.0003394343236330813
2024-02-07,0.005867880943706354
2024-02-08,-0.0010659059306790044
2024-02-09,0.004182140233566011
2024-02-12,0.001065832807062516
2024-02-13,-0.006273612652973414
2024-02-14,0.0100024581672503
2024-02-15,0.004225636362231824
2024-02-16,-0.00248755821097775
2024-02-20,-0.010066387335681558
2024-02-21,-0.0005788762579341055
2024-02-22,0.029538858859036603
2024-02-23,0.0004008364345227993
2024-02-26,-0.0026720393679849058
2024-02-27,0.00019174802349254108
2024-02-28,-0.003261530499333162
2024-02-29,0.007597033725732305
2024-03-01,0.014083080090962229
2024-03-04,0.004648194919475321
2024-03-05,-0.004381548913549918
2024-03-06,0.00803212651917795
2024-03-07,0.005797255879905282
2024-03-08,-0.009762879556959677
2024-03-11,-0.004900669531624364
2024-03-12,0.00782825746186431
2024-03-13,-0.006423270352765139
2024-03-14,-0.016370379997586375
2024-03-15,-0.00016917784928773883
2024-03-18,0.000494184201404922
2024-03-19,0.0047378252590196636
2024-03-20,0.0018932369365097853
2024-03-21,0.004542816100348941
2024-03-22,0.004339185583841951
2024-03-25,-0.0030444732545608024
2024-03-26,-0.0008764454248798273
2024-03-27,0.014837820977155467
2024-03-28,0.0038197201048629534
2024-04-01,-0.011697237615206652
2024-04-02,-0.0166038166930189
2024-04-03,-0.0009334407048915937
2024-04-04,-0.020304573842060882
2024-04-05,0.006718093800339947
2024-04-08,-0.0021588573565853027
2024-04-09,0.0050566877789026896
2024-04-10,-0.018368694855922997
2024-04-11,-0.00015834286381710656
2024-04-12,-0.017271005147966825
2024-04-15,-0.011494797945576849
2024-04-16,-0.0016581096900010765
2024-04-17,-0.006739587510988715
2024-04-18,-0.001404574267438338
2024-04-19,-0.005798275955773096
2024-04-22,0.007199296796890685
2024-04-23,0.013096497272795427
2024-04-24,-0.005471548125858799
2024-04-25,-0.0051170005902208765
2024-04-26,0.009963503670528054
2024-04-29,0.005141370129234098
2024-04-30,-0.009462722136821504
2024-05-01,-0.008401487649104004
2024-05-02,0.0020079269747742393
2024-05-03,0.013697194658321839
2024-05-06,0.011930044901162869
2024-05-07,0.007741269291387742
2024-05-08,-0.0031627519574949107
2024-05-09,0.007810576972178402
2024-05-10,0.001877022356620723
2024-05-13,0.0021388775044968644
2024-05-14,0.006930934429248811
2024-05-15,0.020118435826175167
2024-05-16,-0.0012488632270991975
2024-05-17,-0.0018028582052328653
2024-05-20,0.0010947101474456764
2024-05-21,-0.000692630230100833
2024-05-22,-0.003433760551661955
2024-05-23,-0.0023043388353308335
2024-05-24,0.004947455003215798
2024-05-28,0.007389046023081554
2024-05-29,-0.01064870031242261
2024-05-30,-0.0022716740905878077
2024-05-31,0.005845377425279989
2024-06-03,-0.0004921419003091857
2024-06-04,0.0021115701043243882
2024-06-05,0.009385333488442974
2024-06-06,-0.0002842662246917201
2024-06-07,-0.003075441533929054
2024-06-10,0.008321415182343634
2024-06-11,-0.0025369753817716424
2024-06-12,0.003505221880465053
2024-06-13,-0.002223295818895314
2024-06-14,-0.0030585841744325075
2024-06-17,0.0009844314186547602
2024-06-18,0.005112374894752375
2024-06-20,-0.00015591782735547633
2024-06-21,-0.0029527013666200233
2024-06-24,-0.003014495038448563
2024-06-25,0.00409161914790767
2024-06-26,1.869484915418358e-05
2024-06-27,-0.0025727350501519378
2024-06-28,0.0011107539611879445
2024-07-01,0.0015761594885620083
2024-07-02,-0.0012829641452042674
2024-07-03,0.0013069437490181093
2024-07-05,-0.00035125491853604834
2024-07-08,0.002404674817544877
2024-07-09,0.0024394319660336326
2024-07-10,0.011807475163629025
2024-07-11,-0.0037669965704029067
2024-07-12,0.007041339429131533
2024-07-15,-0.002471447027658725
2024-07-16,0.007506878639524228
2024-07-17,-0.00975673960383131
2024-07-18,-0.008579329280090621
2024-07-19,-0.009466221054484305
2024-07-22,0.010712514682260615
2024-07-23,-0.005282774652227769
2024-07-24,-0.010586738766959336
2024-07-25,-0.0037618444186542695
2024-07-26,0.008443890653519687
2024-07-29,-0.001267762512541621
2024-07-30,-0.007713373333860364
2024-07-31,0.012458095151965533
2024-08-01,-0.011613908699398144
2024-08-02,-0.015001197361275951
2024-08-05,-0.0224639940011096
2024-08-06,-0.005034438385432142
2024-08-07,-0.012404028662258685
2024-08-08,0.02417041746431537
2024-08-09,0.006064837362123348
2024-08-12,0.0042683763174939885
2024-08-13,0.019935788806117814
2024-08-14,0.008341139534426487
2024-08-15,0.008304246989828219
2024-08-16,0.005340118650377836
2024-08-19,0.012535276081145288
2024-08-20,0.001967545175415845
2024-08-21,0.004421737433085292
2024-08-22,-0.011289009269741685
2024-08-23,0.013846059977592948
2024-08-26,-0.004896642125468505
2024-08-27,0.0007290633569748256
2024-08-28,-0.0014882265033668244
2024-08-29,-0.005408261781070138
2024-08-30,0.0026385238481188462
2024-09-03,-0.010904591371202256
2024-09-04,0.0035805949219554285
2024-09-05,-0.006442760115159198
2024-09-06,-0.012568524729252382
2024-09-09,0.008389136447364061
2024-09-10,0.008267248744587188
2024-09-11,0.004022843533527945
2024-09-12,0.00461503227871981
2024-09-13,0.005200898736827448
2024-09-16,0.00861570222927078
2024-09-17,-0.009710378457895089
2024-09-18,-0.009568172736964933
2024-09-19,0.009233607732178153
2024-09-20,-0.00538451115810008
2024-09-23,-0.00058409611584869
2024-09-24,0.003125600562235054
2024-09-25,-0.010173429913566743
2024-09-26,0.0052126174601146965
2024-09-27,-4.584017018400936e-05
2024-09-30,0.00284696200751106
2024-10-01,-0.003866490157237848
2024-10-02,-0.003513732194722056
2024-10-03,-0.009543002251148574
2024-10-04,-0.0024537952244263967
2024-10-07,-0.008136322832212453
2024-10-08,0.008555595438752207
2024-10-09,0.0062722418335770785
2024-10-10,-0.004347818577495235
2024-10-11,0.006763936592122316
2024-10-14,0.007798546341929611
2024-10-15,-0.005983402130075584
2024-10-16,0.008388896618743537
2024-10-17,-0.010566950473497864
2024-10-18,0.00411179837466724
2024-10-21,-0.015036402230407206
2024-10-22,-0.0022679346758949976
2024-10-23,-0.009138906667151517
2024-10-24,0.0001473708343144582
2024-10-25,-0.007638106661951928
2024-10-28,0.0012731509129897123
2024-10-29,-0.0017712550559144682
2024-10-30,-0.00237758640134289
2024-10-31,-0.011883603068957586
2024-11-01,-0.002530265349919767
2024-11-04,0.0030175857590693336
2024-11-05,0.013158013511174665
2024-11-06,0.0021246536445467023
2024-11-07,0.01241351231334974
2024-11-08,0.010544173781973665
2024-11-11,-0.007005522394940756
2024-11-12,-0.01508403796436964
2024-11-13,-0.005393475033823831
2024-11-14,-0.011835512481495444
2024-11-15,-0.019492540786333917
2024-11-18,0.001390240421106909
2024-11-19,0.0007551188644503992
2024-11-20,0.007057524852317141
2024-11-21,0.007345261849125665
2024-11-22,0.0024670437632502464
2024-11-25,-0.0026570314895589127
2024-11-26,0.003854613594405412
2024-11-27,0.0032060666011061497
2024-11-29,0.009314119000916183
2024-12-02,-0.0005491264670264058
2024-12-03,-0.0013439496253422338
2024-12-04,0.003078276457007316
2024-12-05,-0.005550446231381678
2024-12-06,-0.003056596329792836
2024-12-09,-0.003134325148931351
2024-12-10,-0.008833556908019092
2024-12-11,-0.008494059401511284
2024-12-12,-0.013011867289088357
2024-12-13,-0.008436532378073227
2024-12-16,-0.009087175888501397
2024-12-17,-0.0023636259296612276
2024-12-18,-0.012754624390669402
2024-12-19,-0.0012955988286956646
2024-12-20,0.008971916394564372
2024-12-23,0.00773247898298526
2024-12-24,0.0048290658148679435
2024-12-26,0.00039397570271608836
2024-12-27,-0.005554709875897302
2024-12-30,-0.007558609900470593
2024-12-31,0.0011840199687935334
2025-01-02,0.004142412803764628
2025-01-03,0.008546828403485685
2025-01-06,-0.000981960452845181
2025-01-07,-0.0041473688691688665
2025-01-08,0.004246492439663387
2025-01-10,-0.005653192112017583
2025-01-13,0.00483277949683821
2025-01-14,-0.0031810720448093837
2025-01-15,0.008166142495229069
2025-01-16,-0.0010709375354414808
2025-01-17,0.0030141968923429645
2025-01-21,0.003893164459138878
2025-01-22,0.001365966683081409
2025-01-23,0.0047599028055942795
2025-01-24,-0.005460235098370881
2025-01-27,-0.0059466205360313735
2025-01-28,-0.0014892522894561758
2025-01-29,-0.0024348268619353887
2025-01-30,0.004981090579812741
2025-01-31,-0.002074317717078913
2025-02-03,0.0013359290169504268
2025-02-04,-0.0025805462857446332
2025-02-05,0.003228855903362882
2025-02-06,-0.0028378747626982715
2025-02-07,-0.0023158704307219484
2025-02-10,0.005461405244560658
2025-02-11,0.000726076106896145
2025-02-12,-0.004689625048175451
2025-02-13,0.0037927861899439553
2025-02-14,-0.004761119900547886
2025-02-18,0.005673254319037544
2025-02-19,0.006373364956946003
2025-02-20,0.002075916158250083
2025-02-21,-0.0132958578546065
2025-02-24,-0.0009410550697459869
2025-02-25,-0.0013484542225337996
2025-02-26,-0.004600481435566096
2025-02-27,-0.0033374358517695765
2025-02-28,-0.0016525107025678904
2025-03-03,-0.016539757121940935
2025-03-04,-0.005902318491843431
2025-03-05,0.005711044841635222
2025-03-06,-0.0004622020141434841
2025-03-07,0.009173460796375519
2025-03-10,-0.008612452080608537
2025-03-11,-0.008311551320422925
2025-03-12,-0.0027732364564997955
2025-03-13,-0.005379845860294418
2025-03-14,0.011700530456821397
2025-03-17,0.012826042790192935
2025-03-18,-0.003415227692891396
2025-03-19,0.004680792605105764
2025-03-20,0.0002543075127195404
2025-03-21,-0.0030321949610965186
2025-03-24,0.005849852726282227
2025-03-25,-0.000924500213504043
2025-03-26,-0.003945863684357633
2025-03-27,0.0008748227254881536
2025-03-28,-0.004214263477409919
2025-03-31,0.008783281798262682
2025-04-01,0.0024152892550394984
2025-04-02,0.0020680220750674814
2025-04-03,-0.032390236435625205
2025-04-04,-0.03209429364466221
2025-04-07,-0.016004601469842037
2025-04-08,-0.01908253467097641
2025-04-09,0.03972900328885122
2025-04-10,-0.03847258640862802
2025-04-11,0.013192608122946209
2025-04-14,0.011416022941834929
2025-04-15,-0.008623680550541944
2025-04-16,-0.007275128251766221
2025-04-17,0.0022938758404108693
2025-04-21,-0.015664213600663057
2025-04-22,0.014963049227214463
2025-04-23,-0.00748332470235959
2025-04-24,0.0031868094466232554
2025-04-25,0.0069218542061607055
2025-04-28,-0.00045369770735761907
2025-04-29,0.0010762356800750105
2025-04-30,-0.010066626284683123
2025-05-01,-0.00209678532314805
2025-05-02,0.0058092026587588975
2025-05-05,-0.006827258344736544
2025-05-06,0.002250802093000319
2025-05-07,0.0069390380352666306
2025-05-08,0.023996086652415743
2025-05-09,0.006439961295819572
2025-05-12,0.010642204801038026
2025-05-13,-0.006606506974299207
2025-05-14,-0.010549094606849914
2025-05-15,0.018493200823410726
2025-05-16,0.009197582201042583
2025-05-19,-0.004967563794700274
2025-05-20,0.002605149412333759
2025-05-21,-0.014119949468541955
2025-05-22,-0.023612897273786716
2025-05-23,0.007989291769072916
2025-05-27,0.008132045331419858
2025-05-28,-0.007076901799237077
2025-05-29,0.002761758821303225
2025-05-30,0.0023075248376926106
2025-06-02,0.005294199740686236
2025-06-03,0.010253904283273833
2025-06-04,-0.004277644234283655
2025-06-05,0.0002346987299927612
2025-06-06,0.009193592101876402
2025-06-09,0.002693543806154103
2025-06-10,0.013783400129711017
2025-06-11,0.0034416393992399647
2025-06-12,0.0067289277278255975
2025-06-13,0.013292173001608764
2025-06-16,0.0038168231200007337
2025-06-17,-0.029744472385174095
2025-06-18,0.0037180735231893986
2025-06-20,-0.0028395783140171315
2025-06-23,-0.008486211181892241
2025-06-24,0.02153920551328705
2025-06-25,0.0009867416567362368
2025-06-26,0.009451079999802643
2025-06-27,-0.002769258293272226
2025-06-30,0.006723645123901388
2025-07-01,0.013891479498489484
2025-07-02,0.007640787161631604
2025-07-03,0.016622599772336443
2025-07-07,-0.012652647437975369
2025-07-08,0.00418018257162227
2025-07-09,0.0050348616004151515
2025-07-10,0.0070592248640574465
2025-07-11,-0.007433947878036754
2025-07-14,0.0018080297140300613
2025-07-15,-0.0052275183530914714
2025-07-16,0.0019854777259096
2025-07-17,-6.584280446024493e-06
2025-07-18,4.844563991074336e-05
2025-07-21,0.00469114146337544
2025-07-22,0.022150981704583367
2025-07-23,0.0016575489220082458
2025-07-24,-0.0033716144610348503
2025-07-25,0.004592881935341469
2025-07-28,-0.006932259006677511
2025-07-29,-0.002152369996928355
2025-07-30,-0.0011640201344092888
2025-07-31,-0.013111720926458844
2025-08-01,-0.008434807652783372
2025-08-04,0.008841329216535862
2025-08-05,0.00014644798457956107
2025-08-06,-0.014873628600327177
2025-08-07,-0.004987496033915956
2025-08-08,0.003290964765484626
2025-08-11,-0.0006631746913850449
2025-08-12,0.00439722547273879
2025-08-13,0.02457023061389694
2025-08-14,-0.009620774455913562
2025-08-15,0.014572208486947416
2025-08-18,5.6604624314139044e-05
2025-08-19,0.004857852418624731
2025-08-20,0.0038983646749365186
2025-08-21,-0.010406965369555474
2025-08-22,0.025429420024584683
2025-08-25,-0.01833291255403108
2025-08-26,0.003459250001438077
2025-08-27,0.002741545207586296
2025-08-28,0.0041100503287531615
2025-08-29,-0.0037775936473059173
2025-09-02,-0.010435498206044136
2025-09-03,8.92706097487617e-05
2025-09-04,0.0030692956682174775
2025-09-05,-0.006744045963368743
2025-09-08,-0.00018668915145187478
2025-09-09,-0.005436399872247117
2025-09-10,-0.0010549870101108287
2025-09-11,0.013983754079256127
2025-09-12,-0.01045839132624965
2025-09-15,0.002208466897914564
2025-09-16,0.008410016415267665
2025-09-17,0.0010532200478899623
2025-09-18,0.0004409906709912072
2025-09-19,-0.0013600150807702134
2025-09-22,0.009900405116616835
2025-09-23,-0.0005334376111387447
2025-09-24,0.0039673806111367345
2025-09-25,-0.0035985693768251304
2025-09-26,0.008302909055264776
2025-09-29,-0.003803513308928214
2025-09-30,0.006631404440985073
2025-10-01,0.015058630240155482
2025-10-02,-0.002308407159065726
2025-10-03,-0.00029518774551625087
2025-10-06,0.025143358977637482
2025-10-07,0.0008567118472032813
2025-10-08,0.012865972163495262
2025-10-09,-0.001291844677856395
2025-10-10,-0.0336451911560915
2025-10-13,0.012810339713588467
2025-10-14,0.0037851391625433207
2025-10-15,0.015038333564321524
2025-10-16,-0.00502650415522443
2025-10-17,-0.004483468756252902
2025-10-20,0.019473436327457176
2025-10-21,-0.00039023349824368755
2025-10-22,-0.0034199651111181404
2025-10-23,-0.0028386454048046576
2025-10-24,0.010719783417021627
2025-10-27,0.007085051596831185
2025-10-28,-0.011362187266138165
2025-10-29,-0.0064915386284227945
2025-10-30,-0.006252180317864706
2025-10-31,0.0029220599563364916
2025-11-03,-0.0031059226519951
2025-11-04,-0.00840854767072294
2025-11-05,0.028890189657703756
2025-11-06,-0.012268212971108639
2025-11-07,0.005014862448829626
2025-11-10,0.024817185373806384
2025-11-11,0.011766061810304882
2025-11-12,0.008145440582612004
2025-11-13,-0.017865203741147206
2025-11-14,-0.0041228921290502145
2025-11-17,-0.008812901695681925
2025-11-18,0.0020573127731209903
2025-11-19,-0.009836039478364911
2025-11-20,-0.013912866814518095
2025-11-21,0.01183057617779093
2025-11-24,0.006345805069810501
2025-11-25,0.012486717729886566
2025-11-26,0.007932865682471368
2025-11-28,0.0001243140568377161
2025-12-01,-0.023765434362898977
2025-12-02,-0.005753342882828818
2025-12-03,0.0034373374302792883
2025-12-04,-0.0017283095439153107
2025-12-05,-0.004548502018269027
2025-12-08,-0.004212029392431043
2025-12-09,-0.0031677610230803166
2025-12-10,0.011478759849335442
2025-12-11,0.00543561424830329
2025-12-12,-0.01309583049381122
2025-12-15,-0.0019340361103180324
2025-12-16,-0.0005350347135528737
2025-12-17,-0.0026672691210949282
2025-12-18,0.0034105222705732604
2025-12-19,0.003752280247430602
2025-12-22,0.013421347234454923
2025-12-23,-0.0006644708631935352
2025-12-24,0.004049445744706498
2025-12-26,0.000979591526528845
2025-12-29,-0.00923701505237072
2025-12-30,0.0012773199868949111
2025-12-31,-0.00922879395251884
2026-01-02,0.010111186489755319
2026-01-05,0.007181922860465392
2026-01-06,0.008220912862914504
2026-01-07,-0.004306416569532399
2026-01-08,-9.791165228203872e-05
2026-01-09,0.002426355111090845
2026-01-12,0.007900873459201664
2026-01-13,0.006007162495405095
2026-01-14,0.006653692973645298
2026-01-15,-0.0008827853192401756
2026-01-16,-0.0019340677068506477
2026-01-20,-0.0007032009796530093
2026-01-21,0.023154524698389387
2026-01-22,0.0043475736197347865
2026-01-23,0.002854574876241786
2026-01-26,0.00016839508164864935
2026-01-27,0.0048189309603638136
2026-01-28,0.004261985441926628
2026-01-29,0.0026711761383043263
2026-01-30,-0.018426540990533882
2026-02-02,-0.0015796197999718542
2026-02-03,0.0036814782880612716
2026-02-04,-0.009347316131926815
2026-02-05,-0.012226333128208144
2026-02-06,0.02844184898799222
2026-02-09,0.0044848627572513415
2026-02-10,-0.005170820838935463
2026-02-11,0.0038100698833193904
2026-02-12,-0.020729255518884777
2026-02-13,0.00783673036021502
2026-02-17,-0.0035534729149075683
2026-02-18,0.01096915579357411
2026-02-19,-0.004783595232300551
2026-02-20,0.008619010525858714
2026-02-23,0.00593125851550446
2026-02-24,0.0052688139919100105
2026-02-25,-0.0032431617753171903
2026-02-26,-0.007927135534771361
2026-02-27,0.004147598063809032
2026-03-02,0.0068692222135881146
2026-03-03,-0.01467919626070462
2026-03-04,0.0024010946123460587
2026-03-05,-0.011676381840352225
2026-03-06,0.004906907738291138
2026-03-09,0.0018585182128280635
2026-03-10,0.0007577071144258218
2026-03-11,0.007697003818251365
2026-03-12,0.00429543349046577
2026-03-13,-0.002334815541500603
2026-03-16,0.00013924332008210242
2026-03-17,0.0055036041614864575
2026-03-18,-0.0013260182863054468
2026-03-19,-0.0028508134777594342
2026-03-20,0.008615830766111606
2026-03-23,-0.022818597159248964
2026-03-24,0.006358422757127542
2026-03-25,0.005196676298847267
2026-03-26,-0.001540642869126969
2026-03-27,-0.0011071534514638113
2026-03-30,-0.0005702390957958469
2026-03-31,0.003194540414543735
2026-04-01,-0.0033342137755046964
2026-04-02,0.002743752306589982
2026-04-06,-0.00512006598916828
2026-04-07,-0.003025700081207967
2026-04-08,-0.00419125454940463
2026-04-09,-0.0026946831651705975
2026-04-10,-0.00421251172263417
2026-04-13,0.009006990189000112
2026-04-14,-0.0015880079802464244
2026-04-15,-0.011497974985477043
2026-04-16,0.0038031804898655576
2026-04-17,-0.0071986303987968065
2026-04-20,0.0059429513035308525
2026-04-21,0.003666282145394809
2026-04-22,0.008081548321866775
2026-04-23,0.017491864250443048
2026-04-24,-0.010894230757030426
2026-04-27,0.003714325833216707
2026-04-28,-0.004196121435427445
2026-04-29,0.004968799746332535
2026-04-30,0.015224480269900025
2026-05-01,-0.0033048271388928735
2026-05-04,-0.005666939196030367
2026-05-05,0.003546277194030073
2026-05-06,0.002252543852693309
2026-05-07,-0.0034879554278463426
2026-05-08,0.01013103086673022
2026-05-11,0.010521539235802327
2026-05-12,0.007588870636590903
2026-05-13,0.0017709644631765686
2026-05-14,0.0021389808578914198
2026-05-15,-0.013441005140767532
2026-05-18,0.004777647239121403
2026-05-19,0.002449616087144304
2026-05-20,0.0029339420127825985
2026-05-21,0.012472031325244612
2026-05-22,0.008916531963335405
2026-05-26,0.012719172367761997
2026-05-27,-0.0039311590968168315
2026-05-28,0.010794327456620722
2026-05-29,-0.0013628932994457616
2026-06-01,-0.002288497808798863
2026-06-02,0.0042672236063218275
2026-06-03,0.0007420461976619282
2026-06-04,0.0053380080674535445
2026-06-05,-0.029012296701953055
2026-06-08,0.006284406179739113
2026-06-09,-0.009484557542727498
2026-06-10,-0.012144311069461223
2026-06-11,0.013170036808071441
2026-06-12,0.0067494160822140405
2026-06-15,0.001580079035793146
2026-06-16,-0.01607785162401722
2026-06-17,-0.01346144619794314
2026-06-18,0.00609207610178273
2026-06-22,0.0019908816402154717
2026-06-23,-0.012016467656920202
2026-06-24,-0.005387457861424071
2026-06-25,0.015776097750802492
2026-06-26,-0.0015137023700228878
2026-06-29,0.006924345414132502
2026-06-30,0.009346650273894953
2026-07-01,-0.009171657157065626
2026-07-02,0.001770756380813262
2026-07-06,0.014335599841389188
2026-07-07,-0.00043677324106923
2026-07-08,0.0018885923457218285
2026-07-09,0.0031865647468985996
2026-07-10,0.0013286187073331623
2026-07-13,0.002487002690508153
2026-07-14,-0.0014581501134763926
2026-07-15,-0.004238861881507057
2026-07-16,-0.0011758181198230685
2026-07-17,-0.0007999963455433553
2026-07-20,-0.0001916971638839971
2026-07-21,0.01915981042946252
2026-07-22,0.002788362434827359
2026-07-23,0.003517258914563923
2026-07-24,-0.002751665349601398
2026-07-27,-0.012175386526538053
2026-07-28,-0.005566016152280348
2026-07-29,-0.0041317097605939514
2026-07-30,0.00653562081848081
2026-07-31,-0.0013047004363685136
2026-08-03,-0.0034753977251785377
2026-08-04,0.010658093123639118
2026-08-05,-0.004304426798086351
2026-08-06,0.007424814437859325
2026-08-07,0.005560551861687612
2026-08-10,0.01204143506243418
2026-08-11,0.0019139091615926799
2026-08-12,0.005602721400557919
2026-08-13,-0.0007308241655403478
2026-08-14,0.00543315187615941
2026-08-17,0.0015959279610841075
2026-08-18,-0.0023441765462133522
2026-08-19,0.012699710306307463
2026-08-20,-0.005154637811706365
2026-08-21,0.009270977172162511
2026-08-24,-0.006101070447850333
2026-08-25,0.0008360524614540212
2026-08-26,-0.0020854486771166546
2026-08-27,0.0007631101137679705
2026-08-28,-0.004952008151167239
2026-08-31,0.0029657746770295813
2026-09-01,0.0032260396841743617
2026-09-02,0.0023447314263798083
2026-09-03,0.002114592263662982
2026-09-04,-0.00038402410055766566
2026-09-08,-0.0016436418233771485
2026-09-09,-0.0002520399063374178
2026-09-10,0.0
